<?xml version="1.0" encoding="UTF-8"?>
<project-private xmlns="http://www.netbeans.org/ns/project-private/1">
    <editor-bookmarks xmlns="http://www.netbeans.org/ns/editor-bookmarks/2" lastBookmarkId="0"/>
    <open-files xmlns="http://www.netbeans.org/ns/projectui-open-files/2">
        <group>
            <file>file:/C:/Users/kursi/Documents/NetBeansProjects/Watchstore/web/mainmenu.jsp</file>
            <file>file:/C:/Users/kursi/Documents/NetBeansProjects/Watchstore/web/watchSpecification.jsp</file>
            <file>file:/C:/Users/kursi/Documents/NetBeansProjects/Watchstore/web/Signreg.jsp</file>
            <file>file:/C:/Users/kursi/Documents/NetBeansProjects/Watchstore/src/java/model/Database.java</file>
            <file>file:/C:/Users/kursi/Documents/NetBeansProjects/Watchstore/web/login.jsp</file>
            <file>file:/C:/Users/kursi/Documents/NetBeansProjects/Watchstore/web/Viewwatches.jsp</file>
        </group>
    </open-files>
</project-private>
